County of residence,Population,At least one dose,At least one dose percent,Fully vaccinated,Fully vaccinated percent,Additional Dose 1 Received Count,Additional Dose 1 Received Percent,Date
Fairfield,943332,584551,61.97,514120,54.5,,,06/16/2021
Hartford,891720,534159,59.9,477115,53.51,,,06/16/2021
Litchfield,180333,111840,62.02,101274,56.16,,,06/16/2021
Middlesex,162436,110422,67.98,100650,61.96,,,06/16/2021
New Haven,854757,499966,58.49,449590,52.6,,,06/16/2021
New London,265206,152257,57.41,139141,52.47,,,06/16/2021
Tolland,150721,84491,56.06,77306,51.29,,,06/16/2021
Windham,116782,57125,48.92,51769,44.33,,,06/16/2021
Resident out of state,,64593,,52021,,,,06/16/2021
Address pending validation,,16870,,15216,,,,06/16/2021
Fairfield,943332,590938,62.64,524738,55.63,,,06/23/2021
Hartford,891720,539882,60.54,486870,54.6,,,06/23/2021
Litchfield,180333,112760,62.53,102859,57.04,,,06/23/2021
Middlesex,162436,111191,68.45,101949,62.76,,,06/23/2021
New Haven,854757,505085,59.09,458021,53.58,,,06/23/2021
New London,265206,153591,57.91,141499,53.35,,,06/23/2021
Tolland,150721,85111,56.47,78609,52.16,,,06/23/2021
Windham,116782,57627,49.35,52753,45.17,,,06/23/2021
Resident out of state,,65696,,53160,,,,06/23/2021
Address pending validation,,16864,,15343,,,,06/23/2021
Fairfield,943332,596623,63.25,538391,57.07,,,06/30/2021
Hartford,891720,544977,61.12,499646,56.03,,,06/30/2021
Litchfield,180333,113627,63.01,105443,58.47,,,06/30/2021
Middlesex,162436,112154,69.05,104235,64.17,,,06/30/2021
New Haven,854757,510175,59.69,469406,54.92,,,06/30/2021
New London,265206,154933,58.42,144802,54.6,,,06/30/2021
Tolland,150721,85659,56.83,80215,53.22,,,06/30/2021
Windham,116782,58227,49.86,54237,46.44,,,06/30/2021
Resident out of state,,66592,,54462,,,,06/30/2021
Address pending validation,,16864,,15430,,,,06/30/2021
Fairfield,943332,600733,63.68,544005,57.67,,,07/07/2021
Hartford,891720,548568,61.52,504388,56.56,,,07/07/2021
Litchfield,180333,114160,63.31,106142,58.86,,,07/07/2021
Middlesex,162436,112713,69.39,104945,64.61,,,07/07/2021
New Haven,854757,513933,60.13,474400,55.5,,,07/07/2021
New London,265206,155961,58.81,145929,55.02,,,07/07/2021
Tolland,150721,86166,57.17,80787,53.6,,,07/07/2021
Windham,116782,58633,50.21,54722,46.86,,,07/07/2021
Resident out of state,,67384,,55082,,,,07/07/2021
Address pending validation,,16804,,15424,,,,07/07/2021
Fairfield,943332,606144,64.26,549813,58.28,,,07/14/2021
Hartford,891720,552394,61.95,508793,57.06,,,07/14/2021
Litchfield,180333,114884,63.71,106928,59.29,,,07/14/2021
Middlesex,162436,113216,69.7,105494,64.94,,,07/14/2021
New Haven,854757,518196,60.62,478771,56.01,,,07/14/2021
New London,265206,156966,59.19,146983,55.42,,,07/14/2021
Tolland,150721,86608,57.46,81305,53.94,,,07/14/2021
Windham,116782,59082,50.59,55129,47.21,,,07/14/2021
Resident out of state,,68339,,55792,,,,07/14/2021
Address pending validation,,16726,,15383,,,,07/14/2021
Fairfield,943332,610723,64.74,556328,58.97,,,07/21/2021
Hartford,891720,556181,62.37,513970,57.64,,,07/21/2021
Litchfield,180333,115533,64.07,107766,59.76,,,07/21/2021
Middlesex,162436,113665,69.98,106200,65.38,,,07/21/2021
New Haven,854757,522604,61.14,483828,56.6,,,07/21/2021
New London,265206,157920,59.55,148283,55.91,,,07/21/2021
Tolland,150721,87071,57.77,81972,54.39,,,07/21/2021
Windham,116782,59578,51.02,55748,47.74,,,07/21/2021
Resident out of state,,69282,,56648,,,,07/21/2021
Address pending validation,,16582,,15297,,,,07/21/2021
Fairfield,943332,617796,65.49,568063,60.22,,,07/28/2021
Hartford,891720,562355,63.06,524174,58.78,,,07/28/2021
Litchfield,180333,116607,64.66,109478,60.71,,,07/28/2021
Fairfield,943332,102830,10.9,41440,4.39,,,02/16/2021
Hartford,891720,109336,12.26,56622,6.35,,,02/16/2021
Litchfield,180333,24199,13.42,10692,5.93,,,02/16/2021
Middlesex,162436,27369,16.85,12314,7.58,,,02/16/2021
New Haven,854757,117346,13.73,57232,6.7,,,02/16/2021
New London,265206,34052,12.84,15405,5.81,,,02/16/2021
Tolland,150721,15970,10.6,7431,4.93,,,02/16/2021
Windham,116782,12053,10.32,5014,4.29,,,02/16/2021
Residence out of state,,10842,,5031,,,,02/16/2021
Address pending validation,,8620,,2920,,,,02/16/2021
Total,3565287,462617,12.98,214101,6.01,,,02/16/2021
Fairfield,943332,123598,13.1,57117,6.05,,,02/23/2021
Hartford,891720,129810,14.56,73885,8.29,,,02/23/2021
Litchfield,180333,28775,15.96,14742,8.17,,,02/23/2021
Middlesex,162436,32069,19.74,15925,9.8,,,02/23/2021
New Haven,854757,134019,15.68,74075,8.67,,,02/23/2021
New London,265206,43359,16.35,21431,8.08,,,02/23/2021
Tolland,150721,20445,13.56,10147,6.73,,,02/23/2021
Windham,116782,15577,13.34,7027,6.02,,,02/23/2021
Residence out of state,,17248,,10388,,,,02/23/2021
Address pending validation,,8819,,2864,,,,02/23/2021
Total,3565287,553719,15.53,287601,8.07,,,02/23/2021
Fairfield,943332,142288,15.08,72274,7.66,,,03/01/2021
Hartford,891720,150641,16.89,85057,9.54,,,03/01/2021
Litchfield,180333,33855,18.77,17586,9.75,,,03/01/2021
Middlesex,162436,36328,22.36,19088,11.75,,,03/01/2021
New Haven,854757,152740,17.87,85880,10.05,,,03/01/2021
New London,265206,49633,18.71,26048,9.82,,,03/01/2021
Tolland,150721,24088,15.98,12054,8,,,03/01/2021
Windham,116782,18226,15.61,8917,7.64,,,03/01/2021
Residence out of state,,18496,,12639,,,,03/01/2021
Address pending validation,,12073,,5456,,,,03/01/2021
Total,3565287,638368,17.91,344999,9.68,,,03/01/2021
Fairfield,943332,179399,19.02,88671,9.4,,,03/08/2021
Hartford,891720,187553,21.03,99556,11.16,,,03/08/2021
Litchfield,180333,41685,23.12,20714,11.49,,,03/08/2021
Middlesex,162436,45190,27.82,23899,14.71,,,03/08/2021
New Haven,854757,187213,21.9,101640,11.89,,,03/08/2021
New London,265206,61321,23.12,32239,12.16,,,03/08/2021
Tolland,150721,31193,20.7,14941,9.91,,,03/08/2021
Windham,116782,22759,19.49,10854,9.29,,,03/08/2021
Residence out of state,,21224,,14073,,,,03/08/2021
Address pending validation,,12755,,6570,,,,03/08/2021
Total,3565287,790292,22.17,413157,11.59,,,03/08/2021
Fairfield,943332,212574,22.53,111486,11.82,,,03/15/2021
Hartford,891720,223891,25.11,120167,13.48,,,03/15/2021
Litchfield,180333,49754,27.59,25665,14.23,,,03/15/2021
Middlesex,162436,52099,32.07,28797,17.73,,,03/15/2021
New Haven,854757,219316,25.66,124316,14.54,,,03/15/2021
New London,265206,70239,26.48,39866,15.03,,,03/15/2021
Tolland,150721,37242,24.71,18511,12.28,,,03/15/2021
Windham,116782,27074,23.18,14620,12.52,,,03/15/2021
Residence out of state,,23546,,15480,,,,03/15/2021
Address pending validation,,13869,,7860,,,,03/15/2021
Fairfield,943332,249949,26.5,134726,14.28,,,03/22/2021
Hartford,891720,261195,29.29,148779,16.68,,,03/22/2021
Litchfield,180333,55556,30.81,31085,17.24,,,03/22/2021
Middlesex,162436,58828,36.22,34508,21.24,,,03/22/2021
New Haven,854757,247135,28.91,145993,17.08,,,03/22/2021
New London,265206,80003,30.17,47301,17.84,,,03/22/2021
Tolland,150721,43378,28.78,23751,15.76,,,03/22/2021
Windham,116782,30355,25.99,17622,15.09,,,03/22/2021
Resident out of state,,26058,,16784,,,,03/22/2021
Address pending validation,,8191,,5133,,,,03/22/2021
Fairfield,943332,295411,31.32,156677,16.61,,,03/31/2021
Hartford,891720,298967,33.53,177157,19.87,,,03/31/2021
Litchfield,180333,60830,33.73,36433,20.2,,,03/31/2021
Middlesex,162436,65773,40.49,40455,24.91,,,03/31/2021
New Haven,854757,279017,32.64,172861,20.22,,,03/31/2021
New London,265206,89888,33.89,56787,21.41,,,03/31/2021
Tolland,150721,48319,32.06,27894,18.51,,,03/31/2021
Windham,116782,33000,28.26,19992,17.12,,,03/31/2021
Resident out of state,,31277,,19698,,,,03/31/2021
Address pending validation,,8589,,5083,,,,03/31/2021
Total,3565287,1211071,33.97,713037,20,,,03/31/2021
Fairfield,943332,371357,39.37,203485,21.57,,,04/07/2021
Hartford,891720,363221,40.73,226788,25.43,,,04/07/2021
Litchfield,180333,73427,40.72,46903,26.01,,,04/07/2021
Middlesex,162436,78564,48.37,50730,31.23,,,04/07/2021
New Haven,854757,337177,39.45,216102,25.28,,,04/07/2021
New London,265206,106323,40.09,69857,26.34,,,04/07/2021
Tolland,150721,59410,39.42,37064,24.59,,,04/07/2021
Windham,116782,40404,34.6,25850,22.14,,,04/07/2021
Resident out of state,,37809,,23102,,,,04/07/2021
Address pending validation,,10589,,6430,,,,04/07/2021
Fairfield,943332,449180,47.62,264668,28.06,,,04/14/2021
Hartford,891720,439678,49.31,295005,33.08,,,04/14/2021
Litchfield,180333,86602,48.02,58872,32.65,,,04/14/2021
Middlesex,162436,92461,56.92,63115,38.86,,,04/14/2021
New Haven,854757,400616,46.87,270513,31.65,,,04/14/2021
New London,265206,125479,47.31,88956,33.54,,,04/14/2021
Tolland,150721,71562,47.48,47823,31.73,,,04/14/2021
Windham,116782,46440,39.77,32572,27.89,,,04/14/2021
Resident out of state,,45348,,27814,,,,04/14/2021
Address pending validation,,13186,,8696,,,,04/14/2021
Fairfield,943332,446219,47.3,263789,27.96,,,04/21/2021
Hartford,891720,427359,47.93,285267,31.99,,,04/21/2021
Litchfield,180333,85882,47.62,58073,32.2,,,04/21/2021
Middlesex,162436,89732,55.24,61498,37.86,,,04/21/2021
New Haven,854757,395866,46.31,263482,30.83,,,04/21/2021
New London,265206,122941,46.36,86394,32.58,,,04/21/2021
Tolland,150721,69494,46.11,45445,30.15,,,04/21/2021
Windham,116782,43745,37.46,30557,26.17,,,04/21/2021
Resident out of state,,46192,,27676,,,,04/21/2021
Address pending validation,,13572,,8697,,,,04/21/2021
Fairfield,943332,467203,49.53,306538,32.5,,,04/28/2021
Hartford,891720,443548,49.74,315833,35.42,,,04/28/2021
Litchfield,180333,89199,49.46,64371,35.7,,,04/28/2021
Middlesex,162436,93819,57.76,67948,41.83,,,04/28/2021
New Haven,854757,411143,48.1,293869,34.38,,,04/28/2021
New London,265206,126945,47.87,94958,35.81,,,04/28/2021
Tolland,150721,71160,47.21,51358,34.07,,,04/28/2021
Windham,116782,45058,38.58,33437,28.63,,,04/28/2021
Resident out of state,,50400,,31231,,,,04/28/2021
Address pending validation,,23485,,17684,,,,04/28/2021
Fairfield,943332,489602,51.9,349193,37.02,,,05/05/2021
Hartford,891720,460970,51.69,347554,38.98,,,05/05/2021
Litchfield,180333,92208,51.13,69967,38.8,,,05/05/2021
Middlesex,162436,97618,60.1,75152,46.27,,,05/05/2021
New Haven,854757,427676,50.03,324917,38.01,,,05/05/2021
New London,265206,131590,49.62,104196,39.29,,,05/05/2021
Tolland,150721,73632,48.85,56169,37.27,,,05/05/2021
Windham,116782,47225,40.44,35909,30.75,,,05/05/2021
Resident out of state,,52570,,34821,,,,05/05/2021
Address pending validation,,23955,,18695,,,,05/05/2021
Fairfield,943332,508060,53.86,394282,41.8,,,05/12/2021
Hartford,891720,477717,53.57,387099,43.41,,,05/12/2021
Litchfield,180333,95276,52.83,76466,42.4,,,05/12/2021
Middlesex,162436,100566,61.91,82865,51.01,,,05/12/2021
New Haven,854757,442310,51.75,360421,42.17,,,05/12/2021
New London,265206,136593,51.5,112836,42.55,,,05/12/2021
Tolland,150721,75930,50.38,63247,41.96,,,05/12/2021
Windham,116782,48854,41.83,39319,33.67,,,05/12/2021
Resident out of state,,55301,,40323,,,,05/12/2021
Address pending validation,,24309,,19944,,,,05/12/2021
Fairfield,943332,533469,56.55,430226,45.61,,,05/19/2021
Hartford,891720,488792,54.81,410545,46.04,,,05/19/2021
Litchfield,180333,102065,56.6,84748,47,,,05/19/2021
Middlesex,162436,104141,64.11,89092,54.85,,,05/19/2021
New Haven,854757,460442,53.87,387443,45.33,,,05/19/2021
New London,265206,141831,53.48,120862,45.57,,,05/19/2021
Tolland,150721,78534,52.11,67428,44.74,,,05/19/2021
Windham,116782,51891,44.43,43183,36.98,,,05/19/2021
Resident out of state,,57381,,43684,,,,05/19/2021
Address pending validation,,16821,,14413,,,,05/19/2021
Fairfield,943332,556437,58.99,455933,48.33,,,05/26/2021
Hartford,891720,509539,57.14,431820,48.43,,,05/26/2021
Litchfield,180333,105559,58.54,88695,49.18,,,05/26/2021
Middlesex,162436,107307,66.06,93304,57.44,,,05/26/2021
New Haven,854757,477736,55.89,407205,47.64,,,05/26/2021
New London,265206,146629,55.29,126366,47.65,,,05/26/2021
Tolland,150721,81509,54.08,70909,47.05,,,05/26/2021
Windham,116782,54659,46.8,46638,39.94,,,05/26/2021
Resident out of state,,60080,,45853,,,,05/26/2021
Address pending validation,,16959,,14869,,,,05/26/2021
Fairfield,943332,566727,60.08,470390,49.86,,,06/02/2021
Hartford,891720,519168,58.22,444720,49.87,,,06/02/2021
Litchfield,180333,106993,59.33,90996,50.46,,,06/02/2021
Middlesex,162436,108521,66.81,95304,58.67,,,06/02/2021
New Haven,854757,486046,56.86,417748,48.87,,,06/02/2021
New London,265206,148861,56.13,129858,48.96,,,06/02/2021
Tolland,150721,82758,54.91,72616,48.18,,,06/02/2021
Windham,116782,55604,47.61,48089,41.18,,,06/02/2021
Resident out of state,,61787,,47740,,,,06/02/2021
Address pending validation,,16915,,14993,,,,06/02/2021
Fairfield,943332,576386,61.1,493839,52.35,,,06/09/2021
Hartford,891720,526939,59.09,459636,51.54,,,06/09/2021
Litchfield,180333,110025,61.01,95902,53.18,,,06/09/2021
Middlesex,162436,109590,67.47,97805,60.21,,,06/09/2021
New Haven,854757,492954,57.67,434410,50.82,,,06/09/2021
New London,265206,150638,56.8,134998,50.9,,,06/09/2021
Tolland,150721,83753,55.57,74878,49.68,,,06/09/2021
Windham,116782,56435,48.33,49726,42.58,,,06/09/2021
Resident out of state,,63176,,49902,,,,06/09/2021
Address pending validation,,16893,,15123,,,,06/09/2021
Middlesex,162436,114695,70.61,107925,66.44,,,07/28/2021
New Haven,854757,528591,61.84,493052,57.68,,,07/28/2021
New London,265206,159440,60.12,150560,56.77,,,07/28/2021
Tolland,150721,87851,58.29,83276,55.25,,,07/28/2021
Windham,116782,60248,51.59,56584,48.45,,,07/28/2021
Resident out of state,,70417,,57614,,,,07/28/2021
Address pending validation,,16511,,15215,,,,07/28/2021
Fairfield,943332,621390,65.87,572124,60.65,,,08/04/2021
Hartford,891720,565650,63.43,527635,59.17,,,08/04/2021
Litchfield,180333,117146,64.96,110066,61.03,,,08/04/2021
Middlesex,162436,115093,70.85,108365,66.71,,,08/04/2021
New Haven,854757,532139,62.26,496721,58.11,,,08/04/2021
New London,265206,160365,60.47,151492,57.12,,,08/04/2021
Tolland,150721,88191,58.51,83631,55.49,,,08/04/2021
Windham,116782,60711,51.99,56996,48.81,,,08/04/2021
Resident out of state,,71018,,58098,,,,08/04/2021
Address pending validation,,16479,,15216,,,,08/04/2021
Fairfield,943332,632329,67.03,577051,61.17,,,08/12/2021
Hartford,891720,574773,64.46,531801,59.64,,,08/12/2021
Litchfield,180333,118671,65.81,110842,61.47,,,08/12/2021
Middlesex,162436,116497,71.72,109120,67.18,,,08/12/2021
New Haven,854757,541629,63.37,501108,58.63,,,08/12/2021
New London,265206,162732,61.36,152576,57.53,,,08/12/2021
Tolland,150721,89284,59.24,84221,55.88,,,08/12/2021
Windham,116782,61787,52.91,57523,49.26,,,08/12/2021
Resident out of state,,72655,,58615,,,,08/12/2021
Address pending validation,,16561,,15229,,,,08/12/2021
Fairfield,943332,639851,67.83,582706,61.77,,,08/18/2021
Hartford,891720,580910,65.14,536657,60.18,,,08/18/2021
Litchfield,180333,119809,66.44,111759,61.97,,,08/18/2021
Middlesex,162436,117395,72.27,109944,67.68,,,08/18/2021
New Haven,854757,548157,64.13,506275,59.23,,,08/18/2021
New London,265206,164394,61.99,153823,58,,,08/18/2021
Tolland,150721,89956,59.68,84839,56.29,,,08/18/2021
Windham,116782,62505,53.52,58090,49.74,,,08/18/2021
Resident out of state,,73984,,59246,,,,08/18/2021
Address pending validation,,16572,,15215,,,,08/18/2021
Fairfield,943332,646506,68.53,588506,62.39,,,08/25/2021
Hartford,891720,586196,65.74,541951,60.78,,,08/25/2021
Litchfield,180333,120740,66.95,112683,62.49,,,08/25/2021
Middlesex,162436,118105,72.71,110803,68.21,,,08/25/2021
New Haven,854757,554283,64.85,511573,59.85,,,08/25/2021
New London,265206,165846,62.53,155300,58.56,,,08/25/2021
Tolland,150721,90588,60.1,85481,56.71,,,08/25/2021
Windham,116782,63110,54.04,58760,50.32,,,08/25/2021
Resident out of state,,75614,,59944,,,,08/25/2021
Address pending validation,,16560,,15188,,,,08/25/2021
Fairfield,943332,653528,69.28,595217,63.1,,,09/01/2021
Hartford,891720,591782,66.36,547873,61.44,,,09/01/2021
Litchfield,180333,122380,67.86,114132,63.29,,,09/01/2021
Middlesex,162436,118909,73.2,111608,68.71,,,09/01/2021
New Haven,854757,560706,65.6,517675,60.56,,,09/01/2021
New London,265206,167403,63.12,156876,59.15,,,09/01/2021
Tolland,150721,91282,60.56,86195,57.19,,,09/01/2021
Windham,116782,63875,54.7,59457,50.91,,,09/01/2021
Resident out of state,,77445,,60848,,,,09/01/2021
Address pending validation,,16545,,15149,,,,09/01/2021
Fairfield,943332,658094,69.76,600156,63.62,,,09/08/2021
Hartford,891720,595634,66.8,552457,61.95,,,09/08/2021
Litchfield,180333,123176,68.3,114972,63.76,,,09/08/2021
Middlesex,162436,119513,73.58,112272,69.12,,,09/08/2021
New Haven,854757,564646,66.06,522273,61.1,,,09/08/2021
New London,265206,168467,63.52,158171,59.64,,,09/08/2021
Tolland,150721,91844,60.94,86784,57.58,,,09/08/2021
Windham,116782,64392,55.14,59943,51.33,,,09/08/2021
Resident out of state,,79030,,61673,,,,09/08/2021
Address pending validation,,16556,,15139,,,,09/08/2021
Fairfield,943332,662576,70.24,605791,64.22,,,09/15/2021
Hartford,891720,599843,67.27,557551,62.53,,,09/15/2021
Litchfield,180333,123893,68.7,115919,64.28,,,09/15/2021
Middlesex,162436,120066,73.92,112879,69.49,,,09/15/2021
New Haven,854757,568665,66.53,527749,61.74,,,09/15/2021
New London,265206,169609,63.95,159498,60.14,,,09/15/2021
Tolland,150721,92363,61.28,87349,57.95,,,09/15/2021
Windham,116782,64982,55.64,60608,51.9,,,09/15/2021
Resident out of state,,80662,,62500,,,,09/15/2021
Address pending validation,,16529,,15117,,,,09/15/2021
Fairfield,943332,667092,70.72,611815,64.86,,,09/22/2021
Hartford,891720,603887,67.72,562595,63.09,,,09/22/2021
Litchfield,180333,124616,69.1,117002,64.88,,,09/22/2021
Middlesex,162436,120707,74.31,113671,69.98,,,09/22/2021
New Haven,854757,572357,66.96,533124,62.37,,,09/22/2021
New London,265206,172602,65.08,162667,61.34,,,09/22/2021
Tolland,150721,92853,61.61,87970,58.37,,,09/22/2021
Windham,116782,65558,56.14,61211,52.41,,,09/22/2021
Resident out of state,,82413,,63807,,,,09/22/2021
Address pending validation,,15745,,14344,,,,09/22/2021
Fairfield,943332,670909,71.12,615771,65.28,,,09/29/2021
Hartford,891720,607773,68.16,566240,63.5,,,09/29/2021
Litchfield,180333,125313,69.49,117769,65.31,,,09/29/2021
Middlesex,162436,121216,74.62,114160,70.28,,,09/29/2021
New Haven,854757,576178,67.41,536944,62.82,,,09/29/2021
New London,265206,173551,65.44,163595,61.69,,,09/29/2021
Tolland,150721,93326,61.92,88449,58.68,,,09/29/2021
Windham,116782,66045,56.55,61667,52.81,,,09/29/2021
Resident out of state,,84160,,64729,,,,09/29/2021
Address pending validation,,15666,,14249,,,,09/29/2021
Fairfield,943332,674835,71.54,619468,65.67,,,10/06/2021
Hartford,891720,611367,68.56,569961,63.92,,,10/06/2021
Litchfield,180333,126062,69.91,118465,65.69,,,10/06/2021
Middlesex,162436,121895,75.04,114765,70.65,,,10/06/2021
New Haven,854757,580035,67.86,540841,63.27,,,10/06/2021
New London,265206,175540,66.19,165448,62.38,,,10/06/2021
Tolland,150721,93872,62.28,88973,59.03,,,10/06/2021
Windham,116782,66542,56.98,62262,53.31,,,10/06/2021
Resident out of state,,87041,,66329,,,,10/06/2021
Address pending validation,,16697,,15214,,,,10/06/2021
Fairfield,943332,678067,71.88,622717,66.01,,,10/13/2021
Hartford,891720,614187,68.88,573294,64.29,,,10/13/2021
Litchfield,180333,126578,70.19,119093,66.04,,,10/13/2021
Middlesex,162436,122303,75.29,115191,70.91,,,10/13/2021
New Haven,854757,583002,68.21,544010,63.64,,,10/13/2021
New London,265206,176461,66.54,166286,62.7,,,10/13/2021
Tolland,150721,94236,62.52,89329,59.27,,,10/13/2021
Windham,116782,66932,57.31,62722,53.71,,,10/13/2021
Resident out of state,,89539,,67921,,,,10/13/2021
Address pending validation,,16341,,14889,,,,10/13/2021
Fairfield,943332,681037,72.19,625574,66.32,,,10/20/2021
Hartford,891720,616869,69.18,576648,64.67,,,10/20/2021
Litchfield,180333,127055,70.46,119620,66.33,,,10/20/2021
Middlesex,162436,122747,75.57,115613,71.17,,,10/20/2021
New Haven,854757,585835,68.54,547127,64.01,,,10/20/2021
New London,265206,177328,66.86,167110,63.01,,,10/20/2021
Tolland,150721,94718,62.84,89809,59.59,,,10/20/2021
Windham,116782,67279,57.61,63168,54.09,,,10/20/2021
Resident out of state,,91710,,69183,,,,10/20/2021
Address pending validation,,15949,,14521,,,,10/20/2021
Fairfield,943332,683827,72.49,628076,66.58,,,10/27/2021
Hartford,891720,619425,69.46,579239,64.96,,,10/27/2021
Litchfield,180333,127584,70.75,120067,66.58,,,10/27/2021
Middlesex,162436,122996,75.72,115920,71.36,,,10/27/2021
New Haven,854757,588533,68.85,549921,64.34,,,10/27/2021
New London,265206,178489,67.3,167986,63.34,,,10/27/2021
Tolland,150721,95373,63.28,90380,59.97,,,10/27/2021
Windham,116782,67698,57.97,63570,54.43,,,10/27/2021
Resident out of state,,94974,,70639,,,,10/27/2021
Address pending validation,,16930,,15293,,,,10/27/2021
Fairfield,943332,688498,72.99,630491,66.84,,,11/03/2021
Hartford,891720,623318,69.9,581660,65.23,,,11/03/2021
Litchfield,180333,128385,71.19,120447,66.79,,,11/03/2021
Middlesex,162436,123660,76.13,116284,71.59,,,11/03/2021
New Haven,854757,592246,69.29,552128,64.59,,,11/03/2021
New London,265206,179823,67.81,168696,63.61,,,11/03/2021
Tolland,150721,96114,63.77,90764,60.22,,,11/03/2021
Windham,116782,68163,58.37,63897,54.71,,,11/03/2021
Resident out of state,,98948,,71480,,,,11/03/2021
Address pending validation,,16394,,14757,,,,11/03/2021
Fairfield,943332,695411,73.72,631975,66.99,,,11/10/2021
Hartford,891720,628472,70.48,582824,65.36,,,11/10/2021
Litchfield,180333,129477,71.8,120637,66.9,,,11/10/2021
Middlesex,162436,124618,76.72,116383,71.65,,,11/10/2021
New Haven,854757,597837,69.94,553497,64.75,,,11/10/2021
New London,265206,181250,68.34,169133,63.77,,,11/10/2021
Tolland,150721,97088,64.42,91085,60.43,,,11/10/2021
Windham,116782,68682,58.81,64112,54.9,,,11/10/2021
Resident out of state,,103379,,72557,,,,11/10/2021
Address pending validation,,15968,,14296,,,,11/10/2021
Fairfield,943332,708291,75.08,634400,67.25,,,11/17/2021
Hartford,891720,638756,71.63,585376,65.65,,,11/17/2021
Litchfield,180333,131107,72.7,121080,67.14,,,11/17/2021
Middlesex,162436,126110,77.64,116901,71.97,,,11/17/2021
New Haven,854757,606375,70.94,555968,65.04,,,11/17/2021
New London,265206,183905,69.34,169876,64.05,,,11/17/2021
Tolland,150721,98753,65.52,91587,60.77,,,11/17/2021
Windham,116782,69488,59.5,64405,55.15,,,11/17/2021
Resident out of state,,108094,,73553,,,,11/17/2021
Address pending validation,,15752,,13984,,,,11/17/2021
Fairfield,943332,719905,76.32,636056,67.43,,,11/24/2021
Hartford,891720,648170,72.69,587378,65.87,,,11/24/2021
Litchfield,180333,132608,73.54,121360,67.3,,,11/24/2021
Middlesex,162436,127826,78.69,117191,72.15,,,11/24/2021
New Haven,854757,614858,71.93,557773,65.26,,,11/24/2021
New London,265206,186434,70.3,170479,64.28,,,11/24/2021
Tolland,150721,100135,66.44,91925,60.99,,,11/24/2021
Windham,116782,70487,60.36,64689,55.39,,,11/24/2021
Resident out of state,,113488,,74793,,,,11/24/2021
Address pending validation,,15471,,13642,,,,11/24/2021
Fairfield,943332,726315,76.99,639668,67.81,,,12/01/2021
Hartford,891720,652664,73.19,590518,66.22,,,12/01/2021
Litchfield,180333,133490,74.02,122012,67.66,,,12/01/2021
Middlesex,162436,128781,79.28,117658,72.43,,,12/01/2021
New Haven,854757,618778,72.39,560991,65.63,,,12/01/2021
New London,265206,188014,70.89,171244,64.57,,,12/01/2021
Tolland,150721,100798,66.88,92330,61.26,,,12/01/2021
Windham,116782,71067,60.85,64944,55.61,,,12/01/2021
Resident out of state,,117261,,75775,,,,12/01/2021
Address pending validation,,15308,,13445,,,,12/01/2021
Fairfield,943332,732797,77.68,649304,68.83,,,12/08/2021
Hartford,891720,658474,73.84,598649,67.13,,,12/08/2021
Litchfield,180333,134553,74.61,123304,68.38,,,12/08/2021
Middlesex,162436,129820,79.92,118836,73.16,,,12/08/2021
New Haven,854757,623918,72.99,567741,66.42,,,12/08/2021
New London,265206,189690,71.53,173157,65.29,,,12/08/2021
Tolland,150721,101632,67.43,93832,62.26,,,12/08/2021
Windham,116782,71623,61.33,65430,56.03,,,12/08/2021
Resident out of state,,121419,,77438,,,,12/08/2021
Address pending validation,,15025,,13148,,,,12/08/2021
Fairfield,943332,741128,78.56,656920,69.64,,,12/15/2021
Hartford,891720,664464,74.51,605517,67.9,,,12/15/2021
Litchfield,180333,135601,75.19,124230,68.89,,,12/15/2021
Middlesex,162436,130801,80.52,119980,73.86,,,12/15/2021
New Haven,854757,629912,73.69,572867,67.02,,,12/15/2021
New London,265206,191356,72.15,174764,65.9,,,12/15/2021
Tolland,150721,102639,68.1,94620,62.78,,,12/15/2021
Windham,116782,72301,61.91,65952,56.47,,,12/15/2021
Resident out of state,,125753,,78437,,,,12/15/2021
Address pending validation,,14748,,12831,,,,12/15/2021
Fairfield,943332,748321,79.33,660825,70.05,,,12/22/2021
Hartford,891720,670425,75.18,609251,68.32,,,12/22/2021
Litchfield,180333,136564,75.73,124836,69.23,,,12/22/2021
Middlesex,162436,131716,81.09,120442,74.15,,,12/22/2021
New Haven,854757,635248,74.32,575367,67.31,,,12/22/2021
New London,265206,192970,72.76,175735,66.26,,,12/22/2021
Tolland,150721,103369,68.58,95041,63.06,,,12/22/2021
Windham,116782,73112,62.61,66320,56.79,,,12/22/2021
Resident out of state,,131286,,79583,,,,12/22/2021
Address pending validation,,14645,,12618,,,,12/22/2021
Fairfield,943332,754253,79.96,663543,70.34,,,12/29/2021
Hartford,891720,674930,75.69,611417,68.57,,,12/29/2021
Litchfield,180333,137393,76.19,125309,69.49,,,12/29/2021
Middlesex,162436,132723,81.71,120860,74.4,,,12/29/2021
New Haven,854757,639296,74.79,577584,67.57,,,12/29/2021
New London,265206,194383,73.3,176401,66.51,,,12/29/2021
Tolland,150721,103916,68.95,95277,63.21,,,12/29/2021
Windham,116782,73630,63.05,66552,56.99,,,12/29/2021
Resident out of state,,136480,,80585,,,,12/29/2021
Address pending validation,,14477,,12371,,,,12/29/2021
Fairfield,943332,763099,80.89,667770,70.79,,,01/05/2022
Hartford,891720,680722,76.34,614588,68.92,,,01/05/2022
Litchfield,180333,138325,76.71,125779,69.75,,,01/05/2022
Middlesex,162436,133783,82.36,121457,74.77,,,01/05/2022
New Haven,854757,645047,75.47,581242,68,,,01/05/2022
New London,265206,196217,73.99,177410,66.9,,,01/05/2022
Tolland,150721,104581,69.39,95658,63.47,,,01/05/2022
Windham,116782,74295,63.62,66955,57.33,,,01/05/2022
Resident out of state,,141550,,81643,,,,01/05/2022
Address pending validation,,14285,,12135,,,,01/05/2022
Fairfield,943332,770694,81.7,672327,71.27,,,01/12/2022
Hartford,891720,686445,76.98,618576,69.37,,,01/12/2022
Litchfield,180333,139363,77.28,126494,70.14,,,01/12/2022
Middlesex,162436,134581,82.85,122140,75.19,,,01/12/2022
New Haven,854757,650589,76.11,584700,68.41,,,01/12/2022
New London,265206,198068,74.68,178444,67.29,,,01/12/2022
Tolland,150721,105325,69.88,96097,63.76,,,01/12/2022
Windham,116782,75077,64.29,67444,57.75,,,01/12/2022
Resident out of state,,145711,,82731,,,,01/12/2022
Address pending validation,,14174,,11953,,,,01/12/2022
Fairfield,943332,777197,82.39,675980,71.66,,,01/19/2022
Hartford,891720,691689,77.57,621703,69.72,,,01/19/2022
Litchfield,180333,140266,77.78,127027,70.44,,,01/19/2022
Middlesex,162436,135231,83.25,122592,75.47,,,01/19/2022
New Haven,854757,655618,76.7,587571,68.74,,,01/19/2022
New London,265206,199616,75.27,179233,67.58,,,01/19/2022
Tolland,150721,105998,70.33,96398,63.96,,,01/19/2022
Windham,116782,75603,64.74,67727,57.99,,,01/19/2022
Resident out of state,,148608,,83384,,,,01/19/2022
Address pending validation,,14102,,11807,,,,01/19/2022
Fairfield,943332,794423,84.21,703399,74.57,,,01/27/2022
Hartford,891720,698034,78.28,636856,71.42,,,01/27/2022
Litchfield,180333,141547,78.49,130262,72.23,,,01/27/2022
Middlesex,162436,136742,84.18,126953,78.16,,,01/27/2022
New Haven,854757,662007,77.45,600691,70.28,,,01/27/2022
New London,265206,202104,76.21,184613,69.61,,,01/27/2022
Tolland,150721,106733,70.81,98627,65.44,,,01/27/2022
Windham,116782,76374,65.4,69364,59.4,,,01/27/2022
Address pending validation,,14574,,12224,,,,01/27/2022
Fairfield,943332,797120,84.5,706522,74.9,,,02/02/2022
Hartford,891720,700836,78.59,640272,71.8,,,02/02/2022
Litchfield,180333,141861,78.67,130764,72.51,,,02/02/2022
Middlesex,162436,136955,84.31,127336,78.39,,,02/02/2022
New Haven,854757,664469,77.74,603541,70.61,,,02/02/2022
New London,265206,202663,76.42,185380,69.9,,,02/02/2022
Tolland,150721,107057,71.03,99052,65.72,,,02/02/2022
Windham,116782,76652,65.64,69821,59.79,,,02/02/2022
Address pending validation,,14570,,12169,,,,02/02/2022
Fairfield,943332,799568,84.76,710034,75.27,,,02/09/2022
Hartford,891720,703055,78.84,644286,72.25,,,02/09/2022
Litchfield,180333,142139,78.82,131207,72.76,,,02/09/2022
Middlesex,162436,137273,84.51,127884,78.73,,,02/09/2022
New Haven,854757,666564,77.98,606435,70.95,,,02/09/2022
New London,265206,203116,76.59,186147,70.19,,,02/09/2022
Tolland,150721,107321,71.21,99544,66.05,,,02/09/2022
Windham,116782,76856,65.81,70224,60.13,,,02/09/2022
Address pending validation,,14469,,12025,,,,02/09/2022
Fairfield,943332,802870,85.11,712931,75.58,,,02/17/2022
Hartford,891720,706019,79.17,647119,72.57,,,02/17/2022
Litchfield,180333,142527,79.04,131613,72.98,,,02/17/2022
Middlesex,162436,137775,84.82,128333,79.01,,,02/17/2022
New Haven,854757,669433,78.32,609016,71.25,,,02/17/2022
New London,265206,203788,76.84,186822,70.44,,,02/17/2022
Tolland,150721,107662,71.43,99873,66.26,,,02/17/2022
Windham,116782,77187,66.09,70566,60.43,,,02/17/2022
Address pending validation,,14484,,12042,,,,02/17/2022
Fairfield,943332,804865,85.32,715237,75.82,,,02/23/2022
Hartford,891720,707694,79.36,649347,72.82,,,02/23/2022
Litchfield,180333,142769,79.17,131912,73.15,,,02/23/2022
Middlesex,162436,138065,85,128646,79.2,,,02/23/2022
New Haven,854757,671035,78.51,610987,71.48,,,02/23/2022
New London,265206,204263,77.02,187365,70.65,,,02/23/2022
Tolland,150721,107858,71.56,100137,66.44,,,02/23/2022
Windham,116782,77417,66.29,70803,60.63,,,02/23/2022
Address pending validation,,14519,,12026,,,,02/23/2022
Fairfield,943332,806539,85.5,717106,76.02,,,03/02/2022
Hartford,891720,709031,79.51,651104,73.02,,,03/02/2022
Litchfield,180333,142886,79.23,132078,73.24,,,03/02/2022
Middlesex,162436,138161,85.06,128792,79.29,,,03/02/2022
New Haven,854757,672327,78.66,612516,71.66,,,03/02/2022
New London,265206,204563,77.13,187750,70.79,,,03/02/2022
Tolland,150721,108005,71.66,100298,66.55,,,03/02/2022
Windham,116782,77681,66.52,70986,60.79,,,03/02/2022
Address pending validation,,14699,,12129,,,,03/02/2022
Fairfield,943332,807765,85.63,718453,76.16,,,03/09/2022
Hartford,891720,710081,79.63,652331,73.15,,,03/09/2022
Litchfield,180333,143030,79.31,132241,73.33,,,03/09/2022
Middlesex,162436,138274,85.13,128942,79.38,,,03/09/2022
New Haven,854757,673510,78.8,613777,71.81,,,03/09/2022
New London,265206,204796,77.22,188063,70.91,,,03/09/2022
Tolland,150721,108196,71.79,100512,66.69,,,03/09/2022
Windham,116782,77823,66.64,71164,60.94,,,03/09/2022
Address pending validation,,14740,,12159,,,,03/09/2022
Fairfield,943332,808790,85.74,719568,76.28,,,03/16/2022
Hartford,891720,710791,79.71,653390,73.27,,,03/16/2022
Litchfield,180333,143098,79.35,132354,73.39,,,03/16/2022
Middlesex,162436,138415,85.21,129166,79.52,,,03/16/2022
New Haven,854757,674432,78.9,614903,71.94,,,03/16/2022
New London,265206,204824,77.23,188121,70.93,,,03/16/2022
Tolland,150721,108285,71.84,100630,66.77,,,03/16/2022
Windham,116782,77906,66.71,71284,61.04,,,03/16/2022
Address pending validation,,15283,,12664,,,,03/16/2022
Fairfield,943332,809258,85.79,720452,76.37,,,03/23/2022
Hartford,891720,712204,79.87,654928,73.45,,,03/23/2022
Litchfield,180333,143286,79.46,132598,73.53,,,03/23/2022
Middlesex,162436,138368,85.18,129231,79.56,,,03/23/2022
New Haven,854757,675060,78.98,615823,72.05,,,03/23/2022
New London,265206,205197,77.37,188560,71.1,,,03/23/2022
Tolland,150721,108289,71.85,100699,66.81,,,03/23/2022
Windham,116782,77985,66.78,71372,61.12,,,03/23/2022
Address pending validation,,14180,,11714,,,,03/23/2022
Fairfield,943332,810118,85.88,721567,76.49,,,03/30/2022
Hartford,891720,713171,79.98,656417,73.61,,,03/30/2022
Litchfield,180333,143381,79.51,132722,73.6,,,03/30/2022
Middlesex,162436,138407,85.21,129319,79.61,,,03/30/2022
New Haven,854757,675835,79.07,616782,72.16,,,03/30/2022
New London,265206,205362,77.43,188786,71.18,,,03/30/2022
Tolland,150721,108387,71.91,100836,66.9,,,03/30/2022
Windham,116782,78034,66.82,71461,61.19,,,03/30/2022
Address pending validation,,14210,,11734,,,,03/30/2022
Fairfield,943332,810943,85.97,723064,76.65,,,04/06/2022
Hartford,891720,713895,80.06,657486,73.73,,,04/06/2022
Litchfield,180333,143449,79.55,132875,73.68,,,04/06/2022
Middlesex,162436,138513,85.27,129465,79.7,,,04/06/2022
New Haven,854757,676487,79.14,617749,72.27,,,04/06/2022
New London,265206,205578,77.52,189052,71.28,,,04/06/2022
Tolland,150721,108466,71.96,100966,66.99,,,04/06/2022
Windham,116782,78084,66.86,71560,61.28,,,04/06/2022
Address pending validation,,14134,,11662,,,,04/06/2022
Fairfield,943332,811744,86.05,724229,76.77,,,04/13/2022
Hartford,891720,714524,80.13,658389,73.83,,,04/13/2022
Litchfield,180333,143509,79.58,133039,73.77,,,04/13/2022
Middlesex,162436,138592,85.32,129616,79.8,,,04/13/2022
New Haven,854757,677157,79.22,618734,72.39,,,04/13/2022
New London,265206,205756,77.58,189400,71.42,,,04/13/2022
Tolland,150721,108546,72.02,101117,67.09,,,04/13/2022
Windham,116782,78145,66.92,71653,61.36,,,04/13/2022
Address pending validation,,14074,,11589,,,,04/13/2022
Fairfield,943332,812490,86.13,725257,76.88,,,04/20/2022
Hartford,891720,715185,80.2,659250,73.93,,,04/20/2022
Litchfield,180333,143625,79.64,133176,73.85,,,04/20/2022
Middlesex,162436,138686,85.38,129753,79.88,,,04/20/2022
New Haven,854757,677731,79.29,619523,72.48,,,04/20/2022
New London,265206,205956,77.66,189698,71.53,,,04/20/2022
Tolland,150721,108618,72.07,101201,67.14,,,04/20/2022
Windham,116782,78205,66.97,71753,61.44,,,04/20/2022
Address pending validation,,14056,,11570,,,,04/20/2022
Fairfield,943332,813250,86.21,726267,76.99,384759,40.79,04/27/2022
Hartford,891720,715823,80.27,660076,74.02,376070,42.17,04/27/2022
Litchfield,180333,143732,79.7,133322,73.93,76780,42.58,04/27/2022
Middlesex,162436,138746,85.42,129852,79.94,81560,50.21,04/27/2022
New Haven,854757,678443,79.37,620405,72.58,345954,40.47,04/27/2022
New London,265206,206148,77.73,189939,71.62,109633,41.34,04/27/2022
Tolland,150721,108718,72.13,101338,67.24,61603,40.87,04/27/2022
Windham,116782,78278,67.03,71841,61.52,38066,32.6,04/27/2022
Address pending validation,,13987,,11458,,3603,,04/27/2022
Fairfield,943332,813080,86.19,727663,77.14,386802,41,05/04/2022
Hartford,891720,716203,80.32,661040,74.13,377705,42.36,05/04/2022
Litchfield,180333,143747,79.71,133462,74.01,77082,42.74,05/04/2022
Middlesex,162436,138810,85.46,129987,80.02,81868,50.4,05/04/2022
New Haven,854757,678664,79.4,621248,72.68,347524,40.66,05/04/2022
New London,265206,206306,77.79,190214,71.72,110048,41.5,05/04/2022
Tolland,150721,108773,72.17,101420,67.29,61777,40.99,05/04/2022
Windham,116782,78317,67.06,71922,61.59,38214,32.72,05/04/2022
Address pending validation,,13979,,11444,,3622,,05/04/2022
Fairfield,943332,812621,86.14,729232,77.3,388707,41.21,05/11/2022
Hartford,891720,716529,80.35,661978,74.24,379348,42.54,05/11/2022
Litchfield,180333,143795,79.74,133615,74.09,77377,42.91,05/11/2022
Middlesex,162436,138871,85.49,130128,80.11,82229,50.62,05/11/2022
New Haven,854757,678786,79.41,622246,72.8,349088,40.84,05/11/2022
New London,265206,206492,77.86,190478,71.82,110496,41.66,05/11/2022
Tolland,150721,108819,72.2,101512,67.35,61998,41.13,05/11/2022
Windham,116782,78341,67.08,72038,61.69,38399,32.88,05/11/2022
Address pending validation,,13886,,11393,,3611,,05/11/2022
Fairfield,943332,812580,86.14,730549,77.44,390716,41.42,05/18/2022
Hartford,891720,716706,80.37,662767,74.32,381149,42.74,05/18/2022
Litchfield,180333,143806,79.74,133719,74.15,77648,43.06,05/18/2022
Middlesex,162436,138907,85.51,130224,80.17,82509,50.79,05/18/2022
New Haven,854757,678858,79.42,622997,72.89,350563,41.01,05/18/2022
New London,265206,206589,77.9,190725,71.92,111007,41.86,05/18/2022
Tolland,150721,108816,72.2,101564,67.39,62187,41.26,05/18/2022
Windham,116782,78368,67.11,72119,61.76,38577,33.03,05/18/2022
Address pending validation,,13810,,11338,,3608,,05/18/2022
Fairfield,943332,812662,86.15,731549,77.55,393414,41.7,05/25/2022
Hartford,891720,716896,80.39,663779,74.44,383518,43.01,05/25/2022
Litchfield,180333,143759,79.72,133855,74.23,78040,43.28,05/25/2022
Middlesex,162436,138824,85.46,130382,80.27,83004,51.1,05/25/2022
New Haven,854757,678889,79.42,623652,72.96,352658,41.26,05/25/2022
New London,265206,206598,77.9,190910,71.99,111652,42.1,05/25/2022
Tolland,150721,108800,72.19,101634,67.43,62489,41.46,05/25/2022
Windham,116782,78351,67.09,72196,61.82,38780,33.21,05/25/2022
Address pending validation,,13712,,11257,,3609,,05/25/2022
Fairfield,957418,812405,84.85,732391,76.5,395866,41.35,06/01/2022
Hartford,899499,716579,79.66,664216,73.84,385322,42.84,06/01/2022
Litchfield,185186,143664,77.58,133937,72.33,78363,42.32,06/01/2022
Middlesex,164245,138682,84.44,130408,79.4,83332,50.74,06/01/2022
New Haven,864835,678604,78.47,624100,72.16,354478,40.99,06/01/2022
New London,268554,206557,76.91,191033,71.13,112122,41.75,06/01/2022
Tolland,149788,108747,72.6,101660,67.87,62758,41.9,06/01/2022
Windham,116419,78289,67.25,72233,62.05,38955,33.46,06/01/2022
Address pending validation,,13688,,11216,,3621,,06/01/2022
Fairfield,957418,811835,84.79,732954,76.56,398042,41.57,06/08/2022
Hartford,899499,716383,79.64,664732,73.9,387274,43.05,06/08/2022
Litchfield,185186,143583,77.53,134033,72.38,78753,42.53,06/08/2022
Middlesex,164245,138535,84.35,130426,79.41,83680,50.95,06/08/2022
New Haven,864835,678422,78.45,624614,72.22,356506,41.22,06/08/2022
New London,268554,206529,76.9,191174,71.19,113021,42.09,06/08/2022
Tolland,149788,108700,72.57,101739,67.92,63032,42.08,06/08/2022
Windham,116419,78302,67.26,72279,62.09,39211,33.68,06/08/2022
Address pending validation,,13598,,11163,,3619,,06/08/2022
Fairfield,957418,809496,84.55,731178,76.37,397742,41.54,06/15/2022
Hartford,899499,714823,79.47,663425,73.75,387099,43.03,06/15/2022
Litchfield,185186,143059,77.25,133583,72.13,78602,42.44,06/15/2022
Middlesex,164245,137207,83.54,129220,78.68,82920,50.49,06/15/2022
New Haven,864835,677145,78.3,623656,72.11,356793,41.26,06/15/2022
New London,268554,205438,76.5,190143,70.8,112540,41.91,06/15/2022
Tolland,149788,108363,72.34,101447,67.73,62911,42,06/15/2022
Windham,116419,78266,67.23,72265,62.07,39281,33.74,06/15/2022
Address pending validation,,12872,,10498,,3329,,06/15/2022
Fairfield,957418,809091,84.51,731250,76.38,399540,41.73,06/22/2022
Hartford,899499,715151,79.51,664198,73.84,388841,43.23,06/22/2022
Litchfield,185186,143072,77.26,133657,72.17,78937,42.63,06/22/2022
Middlesex,164245,137182,83.52,129344,78.75,83254,50.69,06/22/2022
New Haven,864835,677300,78.32,624077,72.16,358322,41.43,06/22/2022
New London,268554,205448,76.5,190225,70.83,112932,42.05,06/22/2022
Tolland,149788,108391,72.36,101500,67.76,63159,42.17,06/22/2022
Windham,116419,78267,67.23,72313,62.11,39420,33.86,06/22/2022
Address pending validation,,12772,,10413,,3310,,06/22/2022
Fairfield,957418,810363,84.64,731809,76.44,400920,41.88,06/29/2022
Hartford,899499,716279,79.63,664756,73.9,390209,43.38,06/29/2022
Litchfield,185186,143220,77.34,133752,72.23,79193,42.76,06/29/2022
Middlesex,164245,137350,83.63,129430,78.8,83509,50.84,06/29/2022
New Haven,864835,678402,78.44,624467,72.21,359501,41.57,06/29/2022
New London,268554,205700,76.6,190336,70.87,113303,42.19,06/29/2022
Tolland,149788,108526,72.45,101548,67.79,63343,42.29,06/29/2022
Windham,116419,78351,67.3,72355,62.15,39504,33.93,06/29/2022
Address pending validation,,12759,,10399,,3317,,06/29/2022
Fairfield,957418,812649,84.88,733339,76.6,402794,42.07,07/06/2022
Hartford,899499,717662,79.78,665600,74,391605,43.54,07/06/2022
Litchfield,185186,143382,77.43,133849,72.28,79366,42.86,07/06/2022
Middlesex,164245,137574,83.76,129532,78.87,83722,50.97,07/06/2022
New Haven,864835,679517,78.57,625250,72.3,360764,41.71,07/06/2022
New London,268554,206032,76.72,190531,70.95,113594,42.3,07/06/2022
Tolland,149788,108692,72.56,101653,67.86,63528,42.41,07/06/2022
Windham,116419,78412,67.35,72398,62.19,39572,33.99,07/06/2022
Address pending validation,,12744,,10382,,3322,,07/06/2022
Fairfield,957418,814031,85.02,733981,76.66,404235,42.22,07/14/2022
Hartford,899499,718810,79.91,666102,74.05,392771,43.67,07/14/2022
Litchfield,185186,143577,77.53,133972,72.34,79557,42.96,07/14/2022
Middlesex,164245,137755,83.87,129619,78.92,83944,51.11,07/14/2022
New Haven,864835,680599,78.7,625748,72.35,362024,41.86,07/14/2022
New London,268554,206308,76.82,190664,71,113904,42.41,07/14/2022
Tolland,149788,108851,72.67,101718,67.91,63699,42.53,07/14/2022
Windham,116419,78499,67.43,72454,62.24,39668,34.07,07/14/2022
Address pending validation,,12715,,10355,,3333,,07/14/2022
Fairfield,957418,815247,85.15,734753,76.74,405589,42.36,07/20/2022
Hartford,899499,719794,80.02,666963,74.15,394140,43.82,07/20/2022
Litchfield,185186,143737,77.62,134103,72.42,79766,43.07,07/20/2022
Middlesex,164245,137916,83.97,129752,79,84180,51.25,07/20/2022
New Haven,864835,681603,78.81,626377,72.43,363300,42.01,07/20/2022
New London,268554,206650,76.95,190922,71.09,114292,42.56,07/20/2022
Tolland,149788,108941,72.73,101816,67.97,63868,42.64,07/20/2022
Windham,116419,78577,67.49,72510,62.28,39774,34.16,07/20/2022
Address pending validation,,12685,,10323,,3317,,07/20/2022
Fairfield,957418,816279,85.26,735539,76.83,407492,42.56,07/27/2022
Hartford,899499,720767,80.13,667583,74.22,395983,44.02,07/27/2022
Litchfield,185186,143891,77.7,134241,72.49,80032,43.22,07/27/2022
Middlesex,164245,138055,84.05,129878,79.08,84607,51.51,07/27/2022
New Haven,864835,682411,78.91,627212,72.52,364925,42.2,07/27/2022
New London,268554,208715,77.72,193214,71.95,117511,43.76,07/27/2022
Tolland,149788,109111,72.84,101922,68.04,64183,42.85,07/27/2022
Windham,116419,79512,68.3,73650,63.26,40667,34.93,07/27/2022
Address pending validation,,12685,,10320,,3343,,07/27/2022
Address pending validation,,12650,,10309,,3343,,08/03/2022
Fairfield,957418,816733,85.31,736106,76.88,408685,42.69,08/03/2022
Hartford,899499,721431,80.2,668165,74.28,397258,44.16,08/03/2022
Litchfield,185186,143945,77.73,134324,72.53,80241,43.33,08/03/2022
Middlesex,164245,138113,84.09,129947,79.12,84799,51.63,08/03/2022
New Haven,864835,682857,78.96,627644,72.57,366008,42.32,08/03/2022
New London,268554,208840,77.76,193347,72,117836,43.88,08/03/2022
Tolland,149788,109144,72.87,101956,68.07,64366,42.97,08/03/2022
Windham,116419,79546,68.33,73684,63.29,40770,35.02,08/03/2022
Fairfield,957418,817225,85.36,736656,76.94,409822,42.8,08/10/2022
Hartford,899499,722091,80.28,668754,74.35,398500,44.3,08/10/2022
Litchfield,185186,144004,77.76,134358,72.55,80429,43.43,08/10/2022
Middlesex,164245,138155,84.12,130013,79.16,85015,51.76,08/10/2022
New Haven,864835,683372,79.02,628293,72.65,367096,42.45,08/10/2022
New London,268554,208972,77.81,193506,72.05,118133,43.99,08/10/2022
Tolland,149788,109188,72.9,102002,68.1,64539,43.09,08/10/2022
Windham,116419,79623,68.39,73722,63.32,40870,35.11,08/10/2022
Address pending validation,,12642,,10299,,3352,,08/10/2022
Fairfield,957418,817700,85.41,737241,77,410963,42.92,08/17/2022
Hartford,899499,722625,80.34,669269,74.4,399876,44.46,08/17/2022
Litchfield,185186,144032,77.78,134418,72.59,80648,43.55,08/17/2022
Middlesex,164245,138159,84.12,130067,79.19,85216,51.88,08/17/2022
New Haven,864835,683714,79.06,628828,72.71,368242,42.58,08/17/2022
New London,268554,209072,77.85,193625,72.1,118503,44.13,08/17/2022
Tolland,149788,109254,72.94,102045,68.13,64695,43.19,08/17/2022
Windham,116419,79679,68.44,73767,63.36,40989,35.21,08/17/2022
Address pending validation,,12625,,10283,,3364,,08/17/2022
Fairfield,957418,818303,85.47,737896,77.07,412301,43.06,08/24/2022
Hartford,899499,723176,80.4,669824,74.47,401325,44.62,08/24/2022
Litchfield,185186,144139,77.83,134507,72.63,80842,43.65,08/24/2022
Middlesex,164245,138201,84.14,130111,79.22,85483,52.05,08/24/2022
New Haven,864835,684062,79.1,629290,72.76,369329,42.71,08/24/2022
New London,268554,208926,77.8,193544,72.07,118768,44.22,08/24/2022
Tolland,149788,109349,73,102091,68.16,64903,43.33,08/24/2022
Windham,116419,79730,68.49,73807,63.4,41118,35.32,08/24/2022
Address pending validation,,12724,,10330,,3408,,08/24/2022
Fairfield,957418,818930,85.54,738456,77.13,413198,43.16,08/31/2022
Hartford,899499,723776,80.46,670306,74.52,402378,44.73,08/31/2022
Litchfield,185186,144171,77.85,134549,72.66,80983,43.73,08/31/2022
Middlesex,164245,138278,84.19,130185,79.26,85695,52.18,08/31/2022
New Haven,864835,684972,79.2,629947,72.84,370380,42.83,08/31/2022
New London,268554,209392,77.97,193968,72.23,119075,44.34,08/31/2022
Tolland,149788,109488,73.1,102128,68.18,65048,43.43,08/31/2022
Windham,116419,79815,68.56,73862,63.44,41226,35.41,08/31/2022
Address pending validation,,12705,,10321,,3413,,08/31/2022
Fairfield,957418,818963,85.54,738755,77.16,413560,43.2,09/07/2022
Hartford,899499,724022,80.49,670596,74.55,402828,44.78,09/07/2022
Litchfield,185186,144170,77.85,134578,72.67,81062,43.77,09/07/2022
Middlesex,164245,138283,84.19,130186,79.26,85740,52.2,09/07/2022
New Haven,864835,685241,79.23,630215,72.87,370726,42.87,09/07/2022
New London,268554,209397,77.97,194010,72.24,119194,44.38,09/07/2022
Tolland,149788,109478,73.09,102150,68.2,65118,43.47,09/07/2022
Windham,116419,79830,68.57,73897,63.48,41267,35.45,09/07/2022
Address pending validation,,12712,,10325,,3430,,09/07/2022
Fairfield,957418,819279,85.57,739439,77.23,414219,43.26,09/14/2022
Hartford,899499,724364,80.53,671287,74.63,403408,44.85,09/14/2022
Litchfield,185186,144157,77.84,134615,72.69,81158,43.83,09/14/2022
Middlesex,164245,138283,84.19,130282,79.32,85894,52.3,09/14/2022
New Haven,864835,685552,79.27,630730,72.93,371159,42.92,09/14/2022
New London,268554,209468,78,194190,72.31,119343,44.44,09/14/2022
Tolland,149788,109493,73.1,102236,68.25,65182,43.52,09/14/2022
Windham,116419,79887,68.62,73976,63.54,41339,35.51,09/14/2022
Address pending validation,,12695,,10323,,3455,,09/14/2022
Fairfield,957418,819494,85.59,740050,77.3,414766,43.32,09/21/2022
Hartford,899499,724611,80.56,671893,74.7,403934,44.91,09/21/2022
Litchfield,185186,144197,77.87,134735,72.76,81251,43.88,09/21/2022
Middlesex,164245,138335,84.22,130394,79.39,86021,52.37,09/21/2022
New Haven,864835,685864,79.31,631288,73,371646,42.97,09/21/2022
New London,268554,209552,78.03,194340,72.37,119489,44.49,09/21/2022
Tolland,149788,109505,73.11,102304,68.3,65278,43.58,09/21/2022
Windham,116419,79928,68.66,74029,63.59,41385,35.55,09/21/2022
Address pending validation,,12620,,10254,,3428,,09/21/2022
Fairfield,957418,819353,85.58,740460,77.34,414966,43.34,09/28/2022
Hartford,899499,724822,80.58,672409,74.75,404330,44.95,09/28/2022
Litchfield,185186,144370,77.96,134920,72.86,81428,43.97,09/28/2022
Middlesex,164245,138457,84.3,130559,79.49,86162,52.46,09/28/2022
New Haven,864835,685982,79.32,631617,73.03,371804,42.99,09/28/2022
New London,268554,209646,78.06,194518,72.43,119687,44.57,09/28/2022
Tolland,149788,109573,73.15,102441,68.39,65364,43.64,09/28/2022
Windham,116419,79980,68.7,74111,63.66,41459,35.61,09/28/2022
Address pending validation,,12502,,10157,,3382,,09/28/2022
Fairfield,957418,819372,85.58,741093,77.41,415575,43.41,10/05/2022
Hartford,899499,725142,80.62,673011,74.82,404942,45.02,10/05/2022
Litchfield,185186,144395,77.97,134983,72.89,81517,44.02,10/05/2022
Middlesex,164245,138507,84.33,130687,79.57,86311,52.55,10/05/2022
New Haven,864835,686154,79.34,632059,73.08,372293,43.05,10/05/2022
New London,268554,209655,78.07,194611,72.47,119809,44.61,10/05/2022
Tolland,149788,109617,73.18,102513,68.44,65452,43.7,10/05/2022
Windham,116419,80019,68.73,74180,63.72,41557,35.7,10/05/2022
Address pending validation,,12460,,10114,,3380,,10/05/2022
Fairfield,957418,819322,85.58,741527,77.45,416035,43.45,10/12/2022
Hartford,899499,725396,80.64,673573,74.88,405389,45.07,10/12/2022
Litchfield,185186,144406,77.98,135042,72.92,81587,44.06,10/12/2022
Middlesex,164245,138568,84.37,130813,79.65,86443,52.63,10/12/2022
New Haven,864835,686237,79.35,632380,73.12,372621,43.09,10/12/2022
New London,268554,209753,78.1,194771,72.53,119949,44.66,10/12/2022
Tolland,149788,109663,73.21,102633,68.52,65540,43.76,10/12/2022
Windham,116419,79992,68.71,74186,63.72,41568,35.71,10/12/2022
Address pending validation,,12393,,10057,,3367,,10/12/2022
Fairfield,957418,819252,85.57,741793,77.48,416374,43.49,10/19/2022
Hartford,899499,725404,80.65,673937,74.92,405648,45.1,10/19/2022
Litchfield,185186,144374,77.96,135065,72.93,81647,44.09,10/19/2022
Middlesex,164245,138721,84.46,131010,79.76,86620,52.74,10/19/2022
New Haven,864835,686232,79.35,632575,73.14,372804,43.11,10/19/2022
New London,268554,209794,78.12,194876,72.56,120083,44.71,10/19/2022
Tolland,149788,109813,73.31,102806,68.63,65702,43.86,10/19/2022
Windham,116419,79990,68.71,74200,63.74,41628,35.76,10/19/2022
Address pending validation,,12353,,10024,,3360,,10/19/2022
Fairfield,957418,818870,85.53,741757,77.47,416439,43.5,10/26/2022
Hartford,899499,725342,80.64,674143,74.95,405761,45.11,10/26/2022
Litchfield,185186,144369,77.96,135100,72.95,81668,44.1,10/26/2022
Middlesex,164245,138789,84.5,131119,79.83,86727,52.8,10/26/2022
New Haven,864835,686289,79.35,632790,73.17,373023,43.13,10/26/2022
New London,268554,209805,78.12,194954,72.59,120154,44.74,10/26/2022
Tolland,149788,109988,73.43,103000,68.76,65878,43.98,10/26/2022
Windham,116419,79940,68.67,74178,63.72,41641,35.77,10/26/2022
Address pending validation,,12370,,10061,,3402,,10/26/2022
Fairfield,957418,819380,85.58,742439,77.55,416998,43.55,11/03/2022
Litchfield,185186,144489,78.02,135237,73.03,81762,44.15,11/03/2022
Middlesex,164245,138896,84.57,131244,79.91,86844,52.87,11/03/2022
New Haven,864835,686538,79.38,633195,73.22,373321,43.17,11/03/2022
New London,268554,209853,78.14,195108,72.65,120274,44.79,11/03/2022
Tolland,149788,110077,73.49,103123,68.85,65974,44.04,11/03/2022
Windham,116419,79976,68.7,74238,63.77,41683,35.8,11/03/2022
Address pending validation,,12166,,9911,,3308,,11/03/2022
Hartford,899499,725829,80.69,674755,75.01,406154,45.15,11/03/2022
Fairfield,957418,819907,85.64,743181,77.62,417459,43.6,11/09/2022
Hartford,899499,726090,80.72,675127,75.06,406354,45.18,11/09/2022
Litchfield,185186,144344,77.95,135127,72.97,81741,44.14,11/09/2022
Middlesex,164245,138807,84.51,131203,79.88,86868,52.89,11/09/2022
New Haven,864835,686254,79.35,633078,73.2,373357,43.17,11/09/2022
New London,268554,209875,78.15,195157,72.67,120257,44.78,11/09/2022
Tolland,149788,110022,73.45,103097,68.83,65969,44.04,11/09/2022
Windham,116419,80102,68.8,74368,63.88,41755,35.87,11/09/2022
Address pending validation,,11877,,9649,,3218,,11/09/2022
Fairfield,957418,819562,85.6,743293,77.64,417726,43.63,11/16/2022
Hartford,899499,726107,80.72,675469,75.09,406643,45.21,11/16/2022
Litchfield,185186,144265,77.9,135132,72.97,81797,44.17,11/16/2022
Middlesex,164245,138886,84.56,131323,79.96,86988,52.96,11/16/2022
New Haven,864835,686173,79.34,633295,73.23,373574,43.2,11/16/2022
New London,268554,209823,78.13,195195,72.68,120350,44.81,11/16/2022
Tolland,149788,110218,73.58,103324,68.98,66172,44.18,11/16/2022
Windham,116419,80076,68.78,74373,63.88,41753,35.86,11/16/2022
Address pending validation,,11797,,9586,,3184,,11/16/2022
Fairfield,957418,819092,85.55,743373,77.64,418063,43.67,11/22/2022
Hartford,899499,725941,80.71,675615,75.11,406880,45.23,11/22/2022
Litchfield,185186,144222,77.88,135152,72.98,81849,44.2,11/22/2022
Middlesex,164245,138874,84.55,131383,79.99,87058,53,11/22/2022
New Haven,864835,685959,79.32,633435,73.24,373869,43.23,11/22/2022
New London,268554,209787,78.12,195249,72.7,120457,44.85,11/22/2022
Tolland,149788,110187,73.56,103342,68.99,66217,44.21,11/22/2022
Windham,116419,80045,68.76,74380,63.89,41787,35.89,11/22/2022
Address pending validation,,11760,,9565,,3189,,11/22/2022
Fairfield,957418,818402,85.48,743411,77.65,418444,43.71,11/30/2022
Hartford,899499,725624,80.67,675771,75.13,407206,45.27,11/30/2022
Litchfield,185186,144164,77.85,135176,72.99,81937,44.25,11/30/2022
Middlesex,164245,138784,84.5,131378,79.99,87126,53.05,11/30/2022
New Haven,864835,685527,79.27,633539,73.26,374272,43.28,11/30/2022
New London,268554,209717,78.09,195298,72.72,120579,44.9,11/30/2022
Tolland,149788,110145,73.53,103357,69,66275,44.25,11/30/2022
Windham,116419,80034,68.75,74416,63.92,41819,35.92,11/30/2022
Address pending validation,,11687,,9530,,3179,,11/30/2022
Fairfield,957418,817208,85.36,743232,77.63,419331,43.8,12/07/2022
Hartford,899499,725158,80.62,675920,75.14,407757,45.33,12/07/2022
Litchfield,185186,144081,77.8,135209,73.01,82166,44.37,12/07/2022
Middlesex,164245,138707,84.45,131430,80.02,87255,53.12,12/07/2022
New Haven,864835,685186,79.23,633797,73.29,375844,43.46,12/07/2022
New London,268554,209596,78.05,195315,72.73,120688,44.94,12/07/2022
Tolland,149788,110061,73.48,103384,69.02,66339,44.29,12/07/2022
Windham,116419,79956,68.68,74394,63.9,41847,35.95,12/07/2022
Address pending validation,,11609,,9472,,3166,,12/07/2022
Fairfield,957418,816282,85.26,743188,77.62,420011,43.87,12/14/2022
Hartford,899499,724795,80.58,676091,75.16,408213,45.38,12/14/2022
Litchfield,185186,144032,77.78,135243,73.03,82233,44.41,12/14/2022
Middlesex,164245,138615,84.4,131452,80.03,87350,53.18,12/14/2022
New Haven,864835,684833,79.19,633913,73.3,376255,43.51,12/14/2022
New London,268554,209596,78.05,195488,72.79,120914,45.02,12/14/2022
Tolland,149788,110003,73.44,103401,69.03,66384,44.32,12/14/2022
Windham,116419,79922,68.65,74400,63.91,41877,35.97,12/14/2022
Address pending validation,,11499,,9381,,3139,,12/14/2022
Fairfield,957418,815321,85.16,743299,77.64,420847,43.96,12/21/2022
Hartford,899499,724333,80.53,676191,75.17,408757,45.44,12/21/2022
Litchfield,185186,143966,77.74,135297,73.06,82337,44.46,12/21/2022
Middlesex,164245,138560,84.36,131471,80.05,87422,53.23,12/21/2022
New Haven,864835,684468,79.14,634117,73.32,376776,43.57,12/21/2022
New London,268554,209500,78.01,195552,72.82,121062,45.08,12/21/2022
Tolland,149788,109914,73.38,103405,69.03,66434,44.35,12/21/2022
Windham,116419,79899,68.63,74419,63.92,41930,36.02,12/21/2022
Address pending validation,,11437,,9326,,3117,,12/21/2022
Fairfield,957418,814452,85.07,743306,77.64,421384,44.01,12/28/2022
Hartford,899499,723802,80.47,676186,75.17,409110,45.48,12/28/2022
Litchfield,185186,143896,77.7,135302,73.06,82400,44.5,12/28/2022
Middlesex,164245,138467,84.31,131481,80.05,87477,53.26,12/28/2022
New Haven,864835,683945,79.08,634154,73.33,377198,43.62,12/28/2022
New London,268554,209440,77.99,195605,72.84,121158,45.11,12/28/2022
Tolland,149788,109867,73.35,103411,69.04,66463,44.37,12/28/2022
Windham,116419,79883,68.62,74416,63.92,41965,36.05,12/28/2022
Address pending validation,,11394,,9301,,3106,,12/28/2022
Fairfield,957418,813803,85,743321,77.64,421750,44.05,01/04/2023
Hartford,899499,723438,80.43,676308,75.19,409424,45.52,01/04/2023
Litchfield,185186,143808,77.66,135281,73.05,82421,44.51,01/04/2023
Middlesex,164245,138390,84.26,131469,80.04,87502,53.28,01/04/2023
New Haven,864835,683527,79.04,634183,73.33,377420,43.64,01/04/2023
New London,268554,209396,77.97,195686,72.87,121232,45.14,01/04/2023
Tolland,149788,109812,73.31,103415,69.04,66496,44.39,01/04/2023
Windham,116419,79849,68.59,74434,63.94,42009,36.08,01/04/2023
Address pending validation,,11357,,9279,,3094,,01/04/2023
Fairfield,957418,813498,84.97,743478,77.65,422068,44.08,01/12/2023
Hartford,899499,723407,80.42,676487,75.21,409665,45.54,01/12/2023
Litchfield,185186,143787,77.64,135303,73.06,82445,44.52,01/12/2023
Middlesex,164245,138348,84.23,131512,80.07,87545,53.3,01/12/2023
New Haven,864835,683499,79.03,634432,73.36,377705,43.67,01/12/2023
New London,268554,209397,77.97,195770,72.9,121334,45.18,01/12/2023
Tolland,149788,109791,73.3,103421,69.04,66501,44.4,01/12/2023
Windham,116419,79859,68.6,74459,63.96,42028,36.1,01/12/2023
Address pending validation,,11316,,9257,,3087,,01/12/2023
Fairfield,957418,813043,84.92,743092,77.61,421847,44.06,01/18/2023
Hartford,899499,723302,80.41,676473,75.21,409672,45.54,01/18/2023
Litchfield,185186,143694,77.59,135228,73.02,82404,44.5,01/18/2023
Middlesex,164245,138409,84.27,131582,80.11,87624,53.35,01/18/2023
New Haven,864835,683204,79,634221,73.33,377562,43.66,01/18/2023
New London,268554,209434,77.99,195826,72.92,121393,45.2,01/18/2023
Tolland,149788,109776,73.29,103425,69.05,66483,44.38,01/18/2023
Windham,116419,79817,68.56,74426,63.93,41999,36.08,01/18/2023
Address pending validation,,11348,,9292,,3113,,01/18/2023
Fairfield,957418,813028,84.92,743260,77.63,422095,44.09,01/25/2023
Hartford,899499,723406,80.42,676633,75.22,409841,45.56,01/25/2023
Litchfield,185186,143702,77.6,135258,73.04,82452,44.52,01/25/2023
Middlesex,164245,138409,84.27,131609,80.13,87646,53.36,01/25/2023
New Haven,864835,683281,79.01,634350,73.35,377726,43.68,01/25/2023
New London,268554,209489,78.01,195901,72.95,121452,45.22,01/25/2023
Tolland,149788,109776,73.29,103438,69.06,66497,44.39,01/25/2023
Windham,116419,79828,68.57,74449,63.95,42012,36.09,01/25/2023
Address pending validation,,11298,,9255,,3100,,01/25/2023
Fairfield,957418,812870,84.9,743352,77.64,422302,44.11,02/01/2023
Hartford,899499,723456,80.43,676825,75.24,409979,45.58,02/01/2023
Litchfield,185186,143698,77.6,135271,73.05,82478,44.54,02/01/2023
Middlesex,164245,138400,84.26,131638,80.15,87682,53.38,02/01/2023
New Haven,864835,683251,79,634462,73.36,377892,43.7,02/01/2023
New London,268554,209514,78.02,195953,72.97,121510,45.25,02/01/2023
Tolland,149788,109791,73.3,103460,69.07,66527,44.41,02/01/2023
Windham,116419,79840,68.58,74483,63.98,42045,36.12,02/01/2023
Address pending validation,,11236,,9206,,3083,,02/01/2023
Fairfield,957418,812751,84.89,743404,77.65,422369,44.12,02/08/2023
Hartford,899499,723652,80.45,677058,75.27,410115,45.59,02/08/2023
Litchfield,185186,143700,77.6,135285,73.05,82506,44.55,02/08/2023
Middlesex,164245,138414,84.27,131651,80.16,87676,53.38,02/08/2023
New Haven,864835,683302,79.01,634564,73.37,377997,43.71,02/08/2023
New London,268554,209552,78.03,196002,72.98,121552,45.26,02/08/2023
Tolland,149788,109776,73.29,103455,69.07,66535,44.42,02/08/2023
Windham,116419,79858,68.6,74498,63.99,42061,36.13,02/08/2023
Address pending validation,,11179,,9157,,3065,,02/08/2023
